"filename", "language", "TypeScript", "Ruby", "JSON with Comments", "JSON", "JavaScript", "HTML", "Properties", "Markdown", "CSS", "Python", "YAML", "Batch", "pip requirements", "comment", "blank", "total"
"d:\TraeProjects\PI Manager\worktrees\frontend-repo\PI-Manager-AllInOne.spec", "Ruby", 0, 82, 0, 0, 0, 0, 0, 0, 0, 0, 0, 0, 0, 3, 15, 100
"d:\TraeProjects\PI Manager\worktrees\frontend-repo\backend\app\__init__.py", "Python", 0, 0, 0, 0, 0, 0, 0, 0, 0, 7, 0, 0, 0, 0, 2, 9
"d:\TraeProjects\PI Manager\worktrees\frontend-repo\backend\app\cache.py", "Python", 0, 0, 0, 0, 0, 0, 0, 0, 0, 87, 0, 0, 0, 6, 15, 108
"d:\TraeProjects\PI Manager\worktrees\frontend-repo\backend\app\database.py", "Python", 0, 0, 0, 0, 0, 0, 0, 0, 0, 30, 0, 0, 0, 3, 8, 41
"d:\TraeProjects\PI Manager\worktrees\frontend-repo\backend\app\migration_manager.py", "Python", 0, 0, 0, 0, 0, 0, 0, 0, 0, 186, 0, 0, 0, 22, 35, 243
"d:\TraeProjects\PI Manager\worktrees\frontend-repo\backend\config\product_categories.py", "Python", 0, 0, 0, 0, 0, 0, 0, 0, 0, 28, 0, 0, 0, 2, 6, 36
"d:\TraeProjects\PI Manager\worktrees\frontend-repo\backend\crud\__init__.py", "Python", 0, 0, 0, 0, 0, 0, 0, 0, 0, 9, 0, 0, 0, 1, 1, 11
"d:\TraeProjects\PI Manager\worktrees\frontend-repo\backend\crud\customer.py", "Python", 0, 0, 0, 0, 0, 0, 0, 0, 0, 164, 0, 0, 0, 3, 44, 211
"d:\TraeProjects\PI Manager\worktrees\frontend-repo\backend\crud\customer_product.py", "Python", 0, 0, 0, 0, 0, 0, 0, 0, 0, 575, 0, 0, 0, 50, 144, 769
"d:\TraeProjects\PI Manager\worktrees\frontend-repo\backend\crud\customer_reply.py", "Python", 0, 0, 0, 0, 0, 0, 0, 0, 0, 110, 0, 0, 0, 0, 32, 142
"d:\TraeProjects\PI Manager\worktrees\frontend-repo\backend\crud\inventory.py", "Python", 0, 0, 0, 0, 0, 0, 0, 0, 0, 564, 0, 0, 0, 29, 86, 679
"d:\TraeProjects\PI Manager\worktrees\frontend-repo\backend\crud\memo_record.py", "Python", 0, 0, 0, 0, 0, 0, 0, 0, 0, 41, 0, 0, 0, 0, 11, 52
"d:\TraeProjects\PI Manager\worktrees\frontend-repo\backend\crud\order_file.py", "Python", 0, 0, 0, 0, 0, 0, 0, 0, 0, 40, 0, 0, 0, 0, 9, 49
"d:\TraeProjects\PI Manager\worktrees\frontend-repo\backend\crud\payment.py", "Python", 0, 0, 0, 0, 0, 0, 0, 0, 0, 281, 0, 0, 0, 16, 55, 352
"d:\TraeProjects\PI Manager\worktrees\frontend-repo\backend\crud\pending_shipment.py", "Python", 0, 0, 0, 0, 0, 0, 0, 0, 0, 66, 0, 0, 0, 1, 14, 81
"d:\TraeProjects\PI Manager\worktrees\frontend-repo\backend\crud\pi.py", "Python", 0, 0, 0, 0, 0, 0, 0, 0, 0, 1376, 0, 0, 0, 138, 206, 1720
"d:\TraeProjects\PI Manager\worktrees\frontend-repo\backend\crud\pi_sync.py", "Python", 0, 0, 0, 0, 0, 0, 0, 0, 0, 650, 0, 0, 0, 60, 146, 856
"d:\TraeProjects\PI Manager\worktrees\frontend-repo\backend\crud\product.py", "Python", 0, 0, 0, 0, 0, 0, 0, 0, 0, 163, 0, 0, 0, 2, 37, 202
"d:\TraeProjects\PI Manager\worktrees\frontend-repo\backend\crud\product_category.py", "Python", 0, 0, 0, 0, 0, 0, 0, 0, 0, 71, 0, 0, 0, 5, 14, 90
"d:\TraeProjects\PI Manager\worktrees\frontend-repo\backend\crud\product_customer.py", "Python", 0, 0, 0, 0, 0, 0, 0, 0, 0, 91, 0, 0, 0, 1, 27, 119
"d:\TraeProjects\PI Manager\worktrees\frontend-repo\backend\crud\product_oe.py", "Python", 0, 0, 0, 0, 0, 0, 0, 0, 0, 71, 0, 0, 0, 2, 22, 95
"d:\TraeProjects\PI Manager\worktrees\frontend-repo\backend\crud\product_search.py", "Python", 0, 0, 0, 0, 0, 0, 0, 0, 0, 279, 0, 0, 0, 10, 39, 328
"d:\TraeProjects\PI Manager\worktrees\frontend-repo\backend\crud\product_supplier.py", "Python", 0, 0, 0, 0, 0, 0, 0, 0, 0, 108, 0, 0, 0, 10, 19, 137
"d:\TraeProjects\PI Manager\worktrees\frontend-repo\backend\crud\product_supplier_url.py", "Python", 0, 0, 0, 0, 0, 0, 0, 0, 0, 145, 0, 0, 0, 13, 37, 195
"d:\TraeProjects\PI Manager\worktrees\frontend-repo\backend\crud\purchase.py", "Python", 0, 0, 0, 0, 0, 0, 0, 0, 0, 533, 0, 0, 0, 34, 96, 663
"d:\TraeProjects\PI Manager\worktrees\frontend-repo\backend\crud\purchase_package.py", "Python", 0, 0, 0, 0, 0, 0, 0, 0, 0, 122, 0, 0, 0, 4, 18, 144
"d:\TraeProjects\PI Manager\worktrees\frontend-repo\backend\crud\quote.py", "Python", 0, 0, 0, 0, 0, 0, 0, 0, 0, 303, 0, 0, 0, 7, 61, 371
"d:\TraeProjects\PI Manager\worktrees\frontend-repo\backend\crud\shipment.py", "Python", 0, 0, 0, 0, 0, 0, 0, 0, 0, 749, 0, 0, 0, 61, 139, 949
"d:\TraeProjects\PI Manager\worktrees\frontend-repo\backend\crud\storage_status.py", "Python", 0, 0, 0, 0, 0, 0, 0, 0, 0, 46, 0, 0, 0, 1, 9, 56
"d:\TraeProjects\PI Manager\worktrees\frontend-repo\backend\crud\supplier.py", "Python", 0, 0, 0, 0, 0, 0, 0, 0, 0, 274, 0, 0, 0, 4, 51, 329
"d:\TraeProjects\PI Manager\worktrees\frontend-repo\backend\exporters\__init__.py", "Python", 0, 0, 0, 0, 0, 0, 0, 0, 0, 15, 0, 0, 0, 0, 2, 17
"d:\TraeProjects\PI Manager\worktrees\frontend-repo\backend\exporters\base_exporter.py", "Python", 0, 0, 0, 0, 0, 0, 0, 0, 0, 121, 0, 0, 0, 3, 26, 150
"d:\TraeProjects\PI Manager\worktrees\frontend-repo\backend\exporters\ci_exporter.py", "Python", 0, 0, 0, 0, 0, 0, 0, 0, 0, 22, 0, 0, 0, 0, 7, 29
"d:\TraeProjects\PI Manager\worktrees\frontend-repo\backend\exporters\contract_exporter.py", "Python", 0, 0, 0, 0, 0, 0, 0, 0, 0, 22, 0, 0, 0, 0, 7, 29
"d:\TraeProjects\PI Manager\worktrees\frontend-repo\backend\exporters\export_helper.py", "Python", 0, 0, 0, 0, 0, 0, 0, 0, 0, 43, 0, 0, 0, 0, 15, 58
"d:\TraeProjects\PI Manager\worktrees\frontend-repo\backend\exporters\pi_exporter.py", "Python", 0, 0, 0, 0, 0, 0, 0, 0, 0, 114, 0, 0, 0, 7, 15, 136
"d:\TraeProjects\PI Manager\worktrees\frontend-repo\backend\exporters\pl_exporter.py", "Python", 0, 0, 0, 0, 0, 0, 0, 0, 0, 22, 0, 0, 0, 0, 7, 29
"d:\TraeProjects\PI Manager\worktrees\frontend-repo\backend\exporters\purchase_exporter.py", "Python", 0, 0, 0, 0, 0, 0, 0, 0, 0, 78, 0, 0, 0, 13, 23, 114
"d:\TraeProjects\PI Manager\worktrees\frontend-repo\backend\exporters\xlsx_template_renderer.py", "Python", 0, 0, 0, 0, 0, 0, 0, 0, 0, 138, 0, 0, 0, 9, 19, 166
"d:\TraeProjects\PI Manager\worktrees\frontend-repo\backend\frontend_manager.py", "Python", 0, 0, 0, 0, 0, 0, 0, 0, 0, 305, 0, 0, 0, 42, 63, 410
"d:\TraeProjects\PI Manager\worktrees\frontend-repo\backend\main.py", "Python", 0, 0, 0, 0, 0, 0, 0, 0, 0, 108, 0, 0, 0, 4, 15, 127
"d:\TraeProjects\PI Manager\worktrees\frontend-repo\backend\migrations\add_audit_log_table.py", "Python", 0, 0, 0, 0, 0, 0, 0, 0, 0, 70, 0, 0, 0, 0, 15, 85
"d:\TraeProjects\PI Manager\worktrees\frontend-repo\backend\migrations\add_pi_item_cartons_per_unit.py", "Python", 0, 0, 0, 0, 0, 0, 0, 0, 0, 22, 0, 0, 0, 0, 11, 33
"d:\TraeProjects\PI Manager\worktrees\frontend-repo\backend\migrations\add_pi_item_color.py", "Python", 0, 0, 0, 0, 0, 0, 0, 0, 0, 22, 0, 0, 0, 0, 11, 33
"d:\TraeProjects\PI Manager\worktrees\frontend-repo\backend\migrations\add_pi_item_company_code.py", "Python", 0, 0, 0, 0, 0, 0, 0, 0, 0, 22, 0, 0, 0, 0, 11, 33
"d:\TraeProjects\PI Manager\worktrees\frontend-repo\backend\migrations\add_pi_item_extra_fields.py", "Python", 0, 0, 0, 0, 0, 0, 0, 0, 0, 29, 0, 0, 0, 0, 10, 39
"d:\TraeProjects\PI Manager\worktrees\frontend-repo\backend\migrations\add_pi_item_inbound_records.py", "Python", 0, 0, 0, 0, 0, 0, 0, 0, 0, 22, 0, 0, 0, 0, 11, 33
"d:\TraeProjects\PI Manager\worktrees\frontend-repo\backend\migrations\add_pi_item_labeling_fee.py", "Python", 0, 0, 0, 0, 0, 0, 0, 0, 0, 16, 0, 0, 0, 0, 7, 23
"d:\TraeProjects\PI Manager\worktrees\frontend-repo\backend\migrations\add_pi_item_profit_exchange.py", "Python", 0, 0, 0, 0, 0, 0, 0, 0, 0, 23, 0, 0, 0, 0, 11, 34
"d:\TraeProjects\PI Manager\worktrees\frontend-repo\backend\migrations\add_pi_item_units_per_carton.py", "Python", 0, 0, 0, 0, 0, 0, 0, 0, 0, 22, 0, 0, 0, 0, 11, 33
"d:\TraeProjects\PI Manager\worktrees\frontend-repo\backend\migrations\add_product_short_name.py", "Python", 0, 0, 0, 0, 0, 0, 0, 0, 0, 23, 0, 0, 0, 0, 11, 34
"d:\TraeProjects\PI Manager\worktrees\frontend-repo\backend\migrations\add_product_supplier_url.py", "Python", 0, 0, 0, 0, 0, 0, 0, 0, 0, 123, 0, 0, 0, 13, 18, 154
"d:\TraeProjects\PI Manager\worktrees\frontend-repo\backend\migrations\add_purchase_snapshot_fields.py", "Python", 0, 0, 0, 0, 0, 0, 0, 0, 0, 24, 0, 0, 0, 0, 11, 35
"d:\TraeProjects\PI Manager\worktrees\frontend-repo\backend\migrations\add_supplier_platform_fields.py", "Python", 0, 0, 0, 0, 0, 0, 0, 0, 0, 74, 0, 0, 0, 4, 14, 92
"d:\TraeProjects\PI Manager\worktrees\frontend-repo\backend\migrations\sync_pi_item_images_to_customer_products.py", "Python", 0, 0, 0, 0, 0, 0, 0, 0, 0, 68, 0, 0, 0, 0, 20, 88
"d:\TraeProjects\PI Manager\worktrees\frontend-repo\backend\migrations\sync_pi_payment_stages_to_receivables.py", "Python", 0, 0, 0, 0, 0, 0, 0, 0, 0, 91, 0, 0, 0, 0, 24, 115
"d:\TraeProjects\PI Manager\worktrees\frontend-repo\backend\models\__init__.py", "Python", 0, 0, 0, 0, 0, 0, 0, 0, 0, 45, 0, 0, 0, 0, 2, 47
"d:\TraeProjects\PI Manager\worktrees\frontend-repo\backend\models\audit_log.py", "Python", 0, 0, 0, 0, 0, 0, 0, 0, 0, 35, 0, 0, 0, 0, 10, 45
"d:\TraeProjects\PI Manager\worktrees\frontend-repo\backend\models\customer.py", "Python", 0, 0, 0, 0, 0, 0, 0, 0, 0, 38, 0, 0, 0, 0, 10, 48
"d:\TraeProjects\PI Manager\worktrees\frontend-repo\backend\models\customer_product.py", "Python", 0, 0, 0, 0, 0, 0, 0, 0, 0, 42, 0, 0, 0, 14, 14, 70
"d:\TraeProjects\PI Manager\worktrees\frontend-repo\backend\models\customer_product_code.py", "Python", 0, 0, 0, 0, 0, 0, 0, 0, 0, 22, 0, 0, 0, 2, 6, 30
"d:\TraeProjects\PI Manager\worktrees\frontend-repo\backend\models\customer_product_oe.py", "Python", 0, 0, 0, 0, 0, 0, 0, 0, 0, 22, 0, 0, 0, 3, 6, 31
"d:\TraeProjects\PI Manager\worktrees\frontend-repo\backend\models\customer_reply.py", "Python", 0, 0, 0, 0, 0, 0, 0, 0, 0, 19, 0, 0, 0, 0, 5, 24
"d:\TraeProjects\PI Manager\worktrees\frontend-repo\backend\models\department.py", "Python", 0, 0, 0, 0, 0, 0, 0, 0, 0, 10, 0, 0, 0, 0, 3, 13
"d:\TraeProjects\PI Manager\worktrees\frontend-repo\backend\models\inventory.py", "Python", 0, 0, 0, 0, 0, 0, 0, 0, 0, 60, 0, 0, 0, 5, 15, 80
"d:\TraeProjects\PI Manager\worktrees\frontend-repo\backend\models\memo_record.py", "Python", 0, 0, 0, 0, 0, 0, 0, 0, 0, 16, 0, 0, 0, 0, 5, 21
"d:\TraeProjects\PI Manager\worktrees\frontend-repo\backend\models\order_file.py", "Python", 0, 0, 0, 0, 0, 0, 0, 0, 0, 19, 0, 0, 0, 0, 5, 24
"d:\TraeProjects\PI Manager\worktrees\frontend-repo\backend\models\payment.py", "Python", 0, 0, 0, 0, 0, 0, 0, 0, 0, 64, 0, 0, 0, 0, 12, 76
"d:\TraeProjects\PI Manager\worktrees\frontend-repo\backend\models\pending_shipment.py", "Python", 0, 0, 0, 0, 0, 0, 0, 0, 0, 14, 0, 0, 0, 0, 4, 18
"d:\TraeProjects\PI Manager\worktrees\frontend-repo\backend\models\pi.py", "Python", 0, 0, 0, 0, 0, 0, 0, 0, 0, 113, 0, 0, 0, 16, 27, 156
"d:\TraeProjects\PI Manager\worktrees\frontend-repo\backend\models\product.py", "Python", 0, 0, 0, 0, 0, 0, 0, 0, 0, 65, 0, 0, 0, 0, 14, 79
"d:\TraeProjects\PI Manager\worktrees\frontend-repo\backend\models\product_category.py", "Python", 0, 0, 0, 0, 0, 0, 0, 0, 0, 20, 0, 0, 0, 2, 4, 26
"d:\TraeProjects\PI Manager\worktrees\frontend-repo\backend\models\product_customer.py", "Python", 0, 0, 0, 0, 0, 0, 0, 0, 0, 30, 0, 0, 0, 1, 6, 37
"d:\TraeProjects\PI Manager\worktrees\frontend-repo\backend\models\product_oe.py", "Python", 0, 0, 0, 0, 0, 0, 0, 0, 0, 22, 0, 0, 0, 1, 6, 29
"d:\TraeProjects\PI Manager\worktrees\frontend-repo\backend\models\product_supplier.py", "Python", 0, 0, 0, 0, 0, 0, 0, 0, 0, 30, 0, 0, 0, 3, 7, 40
"d:\TraeProjects\PI Manager\worktrees\frontend-repo\backend\models\product_supplier_url.py", "Python", 0, 0, 0, 0, 0, 0, 0, 0, 0, 26, 0, 0, 0, 1, 6, 33
"d:\TraeProjects\PI Manager\worktrees\frontend-repo\backend\models\public.py", "Python", 0, 0, 0, 0, 0, 0, 0, 0, 0, 24, 0, 0, 0, 0, 7, 31
"d:\TraeProjects\PI Manager\worktrees\frontend-repo\backend\models\purchase.py", "Python", 0, 0, 0, 0, 0, 0, 0, 0, 0, 97, 0, 0, 0, 5, 16, 118
"d:\TraeProjects\PI Manager\worktrees\frontend-repo\backend\models\purchase_package.py", "Python", 0, 0, 0, 0, 0, 0, 0, 0, 0, 33, 0, 0, 0, 1, 6, 40
"d:\TraeProjects\PI Manager\worktrees\frontend-repo\backend\models\quote.py", "Python", 0, 0, 0, 0, 0, 0, 0, 0, 0, 34, 0, 0, 0, 1, 7, 42
"d:\TraeProjects\PI Manager\worktrees\frontend-repo\backend\models\setting.py", "Python", 0, 0, 0, 0, 0, 0, 0, 0, 0, 22, 0, 0, 0, 0, 4, 26
"d:\TraeProjects\PI Manager\worktrees\frontend-repo\backend\models\shipment.py", "Python", 0, 0, 0, 0, 0, 0, 0, 0, 0, 120, 0, 0, 0, 10, 25, 155
"d:\TraeProjects\PI Manager\worktrees\frontend-repo\backend\models\supplier.py", "Python", 0, 0, 0, 0, 0, 0, 0, 0, 0, 36, 0, 0, 0, 1, 7, 44
"d:\TraeProjects\PI Manager\worktrees\frontend-repo\backend\models\system.py", "Python", 0, 0, 0, 0, 0, 0, 0, 0, 0, 33, 0, 0, 0, 0, 7, 40
"d:\TraeProjects\PI Manager\worktrees\frontend-repo\backend\models\user.py", "Python", 0, 0, 0, 0, 0, 0, 0, 0, 0, 18, 0, 0, 0, 0, 3, 21
"d:\TraeProjects\PI Manager\worktrees\frontend-repo\backend\qt_bridge.py", "Python", 0, 0, 0, 0, 0, 0, 0, 0, 0, 342, 0, 0, 0, 21, 45, 408
"d:\TraeProjects\PI Manager\worktrees\frontend-repo\backend\region_data.py", "Python", 0, 0, 0, 0, 0, 0, 0, 0, 0, 137, 0, 0, 0, 0, 4, 141
"d:\TraeProjects\PI Manager\worktrees\frontend-repo\backend\requirements.txt", "pip requirements", 0, 0, 0, 0, 0, 0, 0, 0, 0, 0, 0, 0, 11, 3, 1, 15
"d:\TraeProjects\PI Manager\worktrees\frontend-repo\backend\routers\__init__.py", "Python", 0, 0, 0, 0, 0, 0, 0, 0, 0, 12, 0, 0, 0, 0, 2, 14
"d:\TraeProjects\PI Manager\worktrees\frontend-repo\backend\routers\auth.py", "Python", 0, 0, 0, 0, 0, 0, 0, 0, 0, 188, 0, 0, 0, 7, 25, 220
"d:\TraeProjects\PI Manager\worktrees\frontend-repo\backend\routers\bff.py", "Python", 0, 0, 0, 0, 0, 0, 0, 0, 0, 625, 0, 0, 0, 15, 90, 730
"d:\TraeProjects\PI Manager\worktrees\frontend-repo\backend\routers\customer.py", "Python", 0, 0, 0, 0, 0, 0, 0, 0, 0, 124, 0, 0, 0, 4, 27, 155
"d:\TraeProjects\PI Manager\worktrees\frontend-repo\backend\routers\customer_product.py", "Python", 0, 0, 0, 0, 0, 0, 0, 0, 0, 386, 0, 0, 0, 15, 74, 475
"d:\TraeProjects\PI Manager\worktrees\frontend-repo\backend\routers\customer_reply.py", "Python", 0, 0, 0, 0, 0, 0, 0, 0, 0, 257, 0, 0, 0, 0, 60, 317
"d:\TraeProjects\PI Manager\worktrees\frontend-repo\backend\routers\export.py", "Python", 0, 0, 0, 0, 0, 0, 0, 0, 0, 162, 0, 0, 0, 8, 41, 211
"d:\TraeProjects\PI Manager\worktrees\frontend-repo\backend\routers\image.py", "Python", 0, 0, 0, 0, 0, 0, 0, 0, 0, 53, 0, 0, 0, 10, 18, 81
"d:\TraeProjects\PI Manager\worktrees\frontend-repo\backend\routers\inventory.py", "Python", 0, 0, 0, 0, 0, 0, 0, 0, 0, 149, 0, 0, 0, 6, 24, 179
"d:\TraeProjects\PI Manager\worktrees\frontend-repo\backend\routers\memo_record.py", "Python", 0, 0, 0, 0, 0, 0, 0, 0, 0, 39, 0, 0, 0, 0, 13, 52
"d:\TraeProjects\PI Manager\worktrees\frontend-repo\backend\routers\order_file.py", "Python", 0, 0, 0, 0, 0, 0, 0, 0, 0, 77, 0, 0, 0, 1, 23, 101
"d:\TraeProjects\PI Manager\worktrees\frontend-repo\backend\routers\order_import.py", "Python", 0, 0, 0, 0, 0, 0, 0, 0, 0, 1084, 0, 0, 0, 91, 201, 1376
"d:\TraeProjects\PI Manager\worktrees\frontend-repo\backend\routers\payment.py", "Python", 0, 0, 0, 0, 0, 0, 0, 0, 0, 204, 0, 0, 0, 1, 29, 234
"d:\TraeProjects\PI Manager\worktrees\frontend-repo\backend\routers\pending_shipment.py", "Python", 0, 0, 0, 0, 0, 0, 0, 0, 0, 37, 0, 0, 0, 0, 14, 51
"d:\TraeProjects\PI Manager\worktrees\frontend-repo\backend\routers\pi.py", "Python", 0, 0, 0, 0, 0, 0, 0, 0, 0, 691, 0, 0, 0, 45, 97, 833
"d:\TraeProjects\PI Manager\worktrees\frontend-repo\backend\routers\product.py", "Python", 0, 0, 0, 0, 0, 0, 0, 0, 0, 233, 0, 0, 0, 5, 34, 272
"d:\TraeProjects\PI Manager\worktrees\frontend-repo\backend\routers\product_category.py", "Python", 0, 0, 0, 0, 0, 0, 0, 0, 0, 39, 0, 0, 0, 0, 7, 46
"d:\TraeProjects\PI Manager\worktrees\frontend-repo\backend\routers\product_compat.py", "Python", 0, 0, 0, 0, 0, 0, 0, 0, 0, 133, 0, 0, 0, 1, 30, 164
"d:\TraeProjects\PI Manager\worktrees\frontend-repo\backend\routers\product_oe.py", "Python", 0, 0, 0, 0, 0, 0, 0, 0, 0, 60, 0, 0, 0, 0, 17, 77
"d:\TraeProjects\PI Manager\worktrees\frontend-repo\backend\routers\product_supplier.py", "Python", 0, 0, 0, 0, 0, 0, 0, 0, 0, 27, 0, 0, 0, 0, 5, 32
"d:\TraeProjects\PI Manager\worktrees\frontend-repo\backend\routers\product_supplier_url.py", "Python", 0, 0, 0, 0, 0, 0, 0, 0, 0, 81, 0, 0, 0, 7, 13, 101
"d:\TraeProjects\PI Manager\worktrees\frontend-repo\backend\routers\purchase.py", "Python", 0, 0, 0, 0, 0, 0, 0, 0, 0, 183, 0, 0, 0, 7, 19, 209
"d:\TraeProjects\PI Manager\worktrees\frontend-repo\backend\routers\purchase_package.py", "Python", 0, 0, 0, 0, 0, 0, 0, 0, 0, 69, 0, 0, 0, 1, 15, 85
"d:\TraeProjects\PI Manager\worktrees\frontend-repo\backend\routers\quote.py", "Python", 0, 0, 0, 0, 0, 0, 0, 0, 0, 108, 0, 0, 0, 2, 26, 136
"d:\TraeProjects\PI Manager\worktrees\frontend-repo\backend\routers\setting.py", "Python", 0, 0, 0, 0, 0, 0, 0, 0, 0, 113, 0, 0, 0, 3, 35, 151
"d:\TraeProjects\PI Manager\worktrees\frontend-repo\backend\routers\shipment.py", "Python", 0, 0, 0, 0, 0, 0, 0, 0, 0, 253, 0, 0, 0, 11, 29, 293
"d:\TraeProjects\PI Manager\worktrees\frontend-repo\backend\routers\supplier.py", "Python", 0, 0, 0, 0, 0, 0, 0, 0, 0, 108, 0, 0, 0, 4, 21, 133
"d:\TraeProjects\PI Manager\worktrees\frontend-repo\backend\run.bat", "Batch", 0, 0, 0, 0, 0, 0, 0, 0, 0, 0, 0, 3, 0, 0, 1, 4
"d:\TraeProjects\PI Manager\worktrees\frontend-repo\backend\run.py", "Python", 0, 0, 0, 0, 0, 0, 0, 0, 0, 60, 0, 0, 0, 3, 13, 76
"d:\TraeProjects\PI Manager\worktrees\frontend-repo\backend\run_combined.py", "Python", 0, 0, 0, 0, 0, 0, 0, 0, 0, 134, 0, 0, 0, 7, 40, 181
"d:\TraeProjects\PI Manager\worktrees\frontend-repo\backend\run_qt.py", "Python", 0, 0, 0, 0, 0, 0, 0, 0, 0, 82, 0, 0, 0, 21, 24, 127
"d:\TraeProjects\PI Manager\worktrees\frontend-repo\backend\schemas\__init__.py", "Python", 0, 0, 0, 0, 0, 0, 0, 0, 0, 60, 0, 0, 0, 0, 2, 62
"d:\TraeProjects\PI Manager\worktrees\frontend-repo\backend\schemas\bff_order.py", "Python", 0, 0, 0, 0, 0, 0, 0, 0, 0, 101, 0, 0, 0, 7, 21, 129
"d:\TraeProjects\PI Manager\worktrees\frontend-repo\backend\schemas\customer.py", "Python", 0, 0, 0, 0, 0, 0, 0, 0, 0, 60, 0, 0, 0, 0, 15, 75
"d:\TraeProjects\PI Manager\worktrees\frontend-repo\backend\schemas\customer_product.py", "Python", 0, 0, 0, 0, 0, 0, 0, 0, 0, 119, 0, 0, 0, 5, 24, 148
"d:\TraeProjects\PI Manager\worktrees\frontend-repo\backend\schemas\customer_reply.py", "Python", 0, 0, 0, 0, 0, 0, 0, 0, 0, 48, 0, 0, 0, 0, 15, 63
"d:\TraeProjects\PI Manager\worktrees\frontend-repo\backend\schemas\department.py", "Python", 0, 0, 0, 0, 0, 0, 0, 0, 0, 17, 0, 0, 0, 0, 6, 23
"d:\TraeProjects\PI Manager\worktrees\frontend-repo\backend\schemas\export.py", "Python", 0, 0, 0, 0, 0, 0, 0, 0, 0, 16, 0, 0, 0, 0, 7, 23
"d:\TraeProjects\PI Manager\worktrees\frontend-repo\backend\schemas\inventory.py", "Python", 0, 0, 0, 0, 0, 0, 0, 0, 0, 47, 0, 0, 0, 0, 5, 52
"d:\TraeProjects\PI Manager\worktrees\frontend-repo\backend\schemas\memo_record.py", "Python", 0, 0, 0, 0, 0, 0, 0, 0, 0, 21, 0, 0, 0, 0, 8, 29
"d:\TraeProjects\PI Manager\worktrees\frontend-repo\backend\schemas\order_file.py", "Python", 0, 0, 0, 0, 0, 0, 0, 0, 0, 26, 0, 0, 0, 0, 6, 32
"d:\TraeProjects\PI Manager\worktrees\frontend-repo\backend\schemas\order_import.py", "Python", 0, 0, 0, 0, 0, 0, 0, 0, 0, 343, 0, 0, 0, 50, 87, 480
"d:\TraeProjects\PI Manager\worktrees\frontend-repo\backend\schemas\payment.py", "Python", 0, 0, 0, 0, 0, 0, 0, 0, 0, 114, 0, 0, 0, 1, 12, 127
"d:\TraeProjects\PI Manager\worktrees\frontend-repo\backend\schemas\pi.py", "Python", 0, 0, 0, 0, 0, 0, 0, 0, 0, 119, 0, 0, 0, 5, 14, 138
"d:\TraeProjects\PI Manager\worktrees\frontend-repo\backend\schemas\pi_detail.py", "Python", 0, 0, 0, 0, 0, 0, 0, 0, 0, 72, 0, 0, 0, 14, 14, 100
"d:\TraeProjects\PI Manager\worktrees\frontend-repo\backend\schemas\product.py", "Python", 0, 0, 0, 0, 0, 0, 0, 0, 0, 122, 0, 0, 0, 0, 10, 132
"d:\TraeProjects\PI Manager\worktrees\frontend-repo\backend\schemas\product_category.py", "Python", 0, 0, 0, 0, 0, 0, 0, 0, 0, 24, 0, 0, 0, 0, 5, 29
"d:\TraeProjects\PI Manager\worktrees\frontend-repo\backend\schemas\product_customer.py", "Python", 0, 0, 0, 0, 0, 0, 0, 0, 0, 36, 0, 0, 0, 0, 11, 47
"d:\TraeProjects\PI Manager\worktrees\frontend-repo\backend\schemas\product_oe.py", "Python", 0, 0, 0, 0, 0, 0, 0, 0, 0, 20, 0, 0, 0, 0, 9, 29
"d:\TraeProjects\PI Manager\worktrees\frontend-repo\backend\schemas\product_search.py", "Python", 0, 0, 0, 0, 0, 0, 0, 0, 0, 36, 0, 0, 0, 0, 7, 43
"d:\TraeProjects\PI Manager\worktrees\frontend-repo\backend\schemas\product_supplier.py", "Python", 0, 0, 0, 0, 0, 0, 0, 0, 0, 69, 0, 0, 0, 9, 7, 85
"d:\TraeProjects\PI Manager\worktrees\frontend-repo\backend\schemas\product_supplier_url.py", "Python", 0, 0, 0, 0, 0, 0, 0, 0, 0, 45, 0, 0, 0, 1, 10, 56
"d:\TraeProjects\PI Manager\worktrees\frontend-repo\backend\schemas\purchase.py", "Python", 0, 0, 0, 0, 0, 0, 0, 0, 0, 198, 0, 0, 0, 8, 23, 229
"d:\TraeProjects\PI Manager\worktrees\frontend-repo\backend\schemas\purchase_package.py", "Python", 0, 0, 0, 0, 0, 0, 0, 0, 0, 37, 0, 0, 0, 1, 12, 50
"d:\TraeProjects\PI Manager\worktrees\frontend-repo\backend\schemas\quote.py", "Python", 0, 0, 0, 0, 0, 0, 0, 0, 0, 64, 0, 0, 0, 0, 16, 80
"d:\TraeProjects\PI Manager\worktrees\frontend-repo\backend\schemas\shipment.py", "Python", 0, 0, 0, 0, 0, 0, 0, 0, 0, 158, 0, 0, 0, 0, 18, 176
"d:\TraeProjects\PI Manager\worktrees\frontend-repo\backend\schemas\supplier.py", "Python", 0, 0, 0, 0, 0, 0, 0, 0, 0, 57, 0, 0, 0, 3, 6, 66
"d:\TraeProjects\PI Manager\worktrees\frontend-repo\backend\services\excel_parser.py", "Python", 0, 0, 0, 0, 0, 0, 0, 0, 0, 287, 0, 0, 0, 29, 70, 386
"d:\TraeProjects\PI Manager\worktrees\frontend-repo\backend\services\product_lookup.py", "Python", 0, 0, 0, 0, 0, 0, 0, 0, 0, 151, 0, 0, 0, 4, 37, 192
"d:\TraeProjects\PI Manager\worktrees\frontend-repo\backend\services\product_matcher.py", "Python", 0, 0, 0, 0, 0, 0, 0, 0, 0, 409, 0, 0, 0, 16, 42, 467
"d:\TraeProjects\PI Manager\worktrees\frontend-repo\backend\tasks\product_cleanup.py", "Python", 0, 0, 0, 0, 0, 0, 0, 0, 0, 104, 0, 0, 0, 10, 29, 143
"d:\TraeProjects\PI Manager\worktrees\frontend-repo\backend\templates\__init__.py", "Python", 0, 0, 0, 0, 0, 0, 0, 0, 0, 47, 0, 0, 0, 0, 4, 51
"d:\TraeProjects\PI Manager\worktrees\frontend-repo\backend\templates\base_template.py", "Python", 0, 0, 0, 0, 0, 0, 0, 0, 0, 29, 0, 0, 0, 0, 7, 36
"d:\TraeProjects\PI Manager\worktrees\frontend-repo\backend\templates\ci_template.py", "Python", 0, 0, 0, 0, 0, 0, 0, 0, 0, 68, 0, 0, 0, 0, 2, 70
"d:\TraeProjects\PI Manager\worktrees\frontend-repo\backend\templates\config.py", "Python", 0, 0, 0, 0, 0, 0, 0, 0, 0, 20, 0, 0, 0, 4, 4, 28
"d:\TraeProjects\PI Manager\worktrees\frontend-repo\backend\templates\pi_template.py", "Python", 0, 0, 0, 0, 0, 0, 0, 0, 0, 106, 0, 0, 0, 7, 2, 115
"d:\TraeProjects\PI Manager\worktrees\frontend-repo\backend\templates\pl_template.py", "Python", 0, 0, 0, 0, 0, 0, 0, 0, 0, 61, 0, 0, 0, 0, 2, 63
"d:\TraeProjects\PI Manager\worktrees\frontend-repo\backend\templates\purchase_template.py", "Python", 0, 0, 0, 0, 0, 0, 0, 0, 0, 100, 0, 0, 0, 0, 2, 102
"d:\TraeProjects\PI Manager\worktrees\frontend-repo\backend\templates\xlsx_mapping\ci_mapping.yaml", "YAML", 0, 0, 0, 0, 0, 0, 0, 0, 0, 0, 107, 0, 0, 6, 9, 122
"d:\TraeProjects\PI Manager\worktrees\frontend-repo\backend\templates\xlsx_mapping\contract_mapping.yaml", "YAML", 0, 0, 0, 0, 0, 0, 0, 0, 0, 0, 89, 0, 0, 9, 20, 118
"d:\TraeProjects\PI Manager\worktrees\frontend-repo\backend\templates\xlsx_mapping\pi_mapping.yaml", "YAML", 0, 0, 0, 0, 0, 0, 0, 0, 0, 0, 174, 0, 0, 14, 14, 202
"d:\TraeProjects\PI Manager\worktrees\frontend-repo\backend\templates\xlsx_mapping\pl_mapping.yaml", "YAML", 0, 0, 0, 0, 0, 0, 0, 0, 0, 0, 90, 0, 0, 5, 8, 103
"d:\TraeProjects\PI Manager\worktrees\frontend-repo\backend\tests\__init__.py", "Python", 0, 0, 0, 0, 0, 0, 0, 0, 0, 0, 0, 0, 0, 1, 1, 2
"d:\TraeProjects\PI Manager\worktrees\frontend-repo\backend\tests\_helpers.py", "Python", 0, 0, 0, 0, 0, 0, 0, 0, 0, 36, 0, 0, 0, 2, 14, 52
"d:\TraeProjects\PI Manager\worktrees\frontend-repo\backend\tests\check_pi_item_extra_fields.py", "Python", 0, 0, 0, 0, 0, 0, 0, 0, 0, 67, 0, 0, 0, 0, 18, 85
"d:\TraeProjects\PI Manager\worktrees\frontend-repo\backend\tests\dist_smoke.py", "Python", 0, 0, 0, 0, 0, 0, 0, 0, 0, 17, 0, 0, 0, 0, 4, 21
"d:\TraeProjects\PI Manager\worktrees\frontend-repo\backend\tests\e2e_detail_en.py", "Python", 0, 0, 0, 0, 0, 0, 0, 0, 0, 32, 0, 0, 0, 4, 8, 44
"d:\TraeProjects\PI Manager\worktrees\frontend-repo\backend\tests\e2e_save_race.py", "Python", 0, 0, 0, 0, 0, 0, 0, 0, 0, 24, 0, 0, 0, 3, 7, 34
"d:\TraeProjects\PI Manager\worktrees\frontend-repo\backend\tests\find_listeners.py", "Python", 0, 0, 0, 0, 0, 0, 0, 0, 0, 17, 0, 0, 0, 0, 2, 19
"d:\TraeProjects\PI Manager\worktrees\frontend-repo\backend\tests\find_pi_db.py", "Python", 0, 0, 0, 0, 0, 0, 0, 0, 0, 22, 0, 0, 0, 0, 2, 24
"d:\TraeProjects\PI Manager\worktrees\frontend-repo\backend\tests\find_python.py", "Python", 0, 0, 0, 0, 0, 0, 0, 0, 0, 19, 0, 0, 0, 0, 3, 22
"d:\TraeProjects\PI Manager\worktrees\frontend-repo\backend\tests\inspect_after_save.py", "Python", 0, 0, 0, 0, 0, 0, 0, 0, 0, 12, 0, 0, 0, 0, 2, 14
"d:\TraeProjects\PI Manager\worktrees\frontend-repo\backend\tests\inspect_pi_items.py", "Python", 0, 0, 0, 0, 0, 0, 0, 0, 0, 16, 0, 0, 0, 0, 2, 18
"d:\TraeProjects\PI Manager\worktrees\frontend-repo\backend\tests\show_extra_columns.py", "Python", 0, 0, 0, 0, 0, 0, 0, 0, 0, 21, 0, 0, 0, 0, 4, 25
"d:\TraeProjects\PI Manager\worktrees\frontend-repo\backend\tests\test_offline_features.py", "Python", 0, 0, 0, 0, 0, 0, 0, 0, 0, 110, 0, 0, 0, 27, 42, 179
"d:\TraeProjects\PI Manager\worktrees\frontend-repo\backend\tests\test_product_search.py", "Python", 0, 0, 0, 0, 0, 0, 0, 0, 0, 330, 0, 0, 0, 13, 95, 438
"d:\TraeProjects\PI Manager\worktrees\frontend-repo\backend\tests\test_product_supplier_url.py", "Python", 0, 0, 0, 0, 0, 0, 0, 0, 0, 257, 0, 0, 0, 9, 52, 318
"d:\TraeProjects\PI Manager\worktrees\frontend-repo\backend\tests\test_put_detail.py", "Python", 0, 0, 0, 0, 0, 0, 0, 0, 0, 19, 0, 0, 0, 2, 5, 26
"d:\TraeProjects\PI Manager\worktrees\frontend-repo\backend\tests\test_put_detail2.py", "Python", 0, 0, 0, 0, 0, 0, 0, 0, 0, 9, 0, 0, 0, 0, 1, 10
"d:\TraeProjects\PI Manager\worktrees\frontend-repo\backend\tests\test_save_detail.py", "Python", 0, 0, 0, 0, 0, 0, 0, 0, 0, 38, 0, 0, 0, 5, 10, 53
"d:\TraeProjects\PI Manager\worktrees\frontend-repo\backend\tests\test_supplier_platform.py", "Python", 0, 0, 0, 0, 0, 0, 0, 0, 0, 164, 0, 0, 0, 6, 45, 215
"d:\TraeProjects\PI Manager\worktrees\frontend-repo\backend\tests\test_supplier_platform_api.py", "Python", 0, 0, 0, 0, 0, 0, 0, 0, 0, 219, 0, 0, 0, 8, 48, 275
"d:\TraeProjects\PI Manager\worktrees\frontend-repo\backend\utils\number_generator.py", "Python", 0, 0, 0, 0, 0, 0, 0, 0, 0, 213, 0, 0, 0, 1, 48, 262
"d:\TraeProjects\PI Manager\worktrees\frontend-repo\backend\utils\product_code_generator.py", "Python", 0, 0, 0, 0, 0, 0, 0, 0, 0, 90, 0, 0, 0, 8, 25, 123
"d:\TraeProjects\PI Manager\worktrees\frontend-repo\backend\utils\volume_calculator.py", "Python", 0, 0, 0, 0, 0, 0, 0, 0, 0, 15, 0, 0, 0, 0, 3, 18
"d:\TraeProjects\PI Manager\worktrees\frontend-repo\backend\version.json", "JSON", 0, 0, 0, 6, 0, 0, 0, 0, 0, 0, 0, 0, 0, 0, 1, 7
"d:\TraeProjects\PI Manager\worktrees\frontend-repo\build\PI-Manager-AllInOne\qt.conf", "Properties", 0, 0, 0, 0, 0, 0, 2, 0, 0, 0, 0, 0, 0, 0, 1, 3
"d:\TraeProjects\PI Manager\worktrees\frontend-repo\build\PI-Manager-AllInOne\xref-PI-Manager-AllInOne.html", "HTML", 0, 0, 0, 0, 0, 38627, 0, 0, 0, 0, 0, 0, 0, 0, 6169, 44796
"d:\TraeProjects\PI Manager\worktrees\frontend-repo\client\api\async_client.py", "Python", 0, 0, 0, 0, 0, 0, 0, 0, 0, 62, 0, 0, 0, 1, 14, 77
"d:\TraeProjects\PI Manager\worktrees\frontend-repo\client\api\cached_client.py", "Python", 0, 0, 0, 0, 0, 0, 0, 0, 0, 246, 0, 0, 0, 22, 79, 347
"d:\TraeProjects\PI Manager\worktrees\frontend-repo\client\api\client.py", "Python", 0, 0, 0, 0, 0, 0, 0, 0, 0, 967, 0, 0, 0, 35, 237, 1239
"d:\TraeProjects\PI Manager\worktrees\frontend-repo\client\api\logging_config.py", "Python", 0, 0, 0, 0, 0, 0, 0, 0, 0, 29, 0, 0, 0, 2, 8, 39
"d:\TraeProjects\PI Manager\worktrees\frontend-repo\client\cache_manager.py", "Python", 0, 0, 0, 0, 0, 0, 0, 0, 0, 157, 0, 0, 0, 22, 33, 212
"d:\TraeProjects\PI Manager\worktrees\frontend-repo\client\client.spec", "Ruby", 0, 88, 0, 0, 0, 0, 0, 0, 0, 0, 0, 0, 0, 6, 12, 106
"d:\TraeProjects\PI Manager\worktrees\frontend-repo\client\config.py", "Python", 0, 0, 0, 0, 0, 0, 0, 0, 0, 47, 0, 0, 0, 9, 5, 61
"d:\TraeProjects\PI Manager\worktrees\frontend-repo\client\config\__init__.py", "Python", 0, 0, 0, 0, 0, 0, 0, 0, 0, 87, 0, 0, 0, 11, 8, 106
"d:\TraeProjects\PI Manager\worktrees\frontend-repo\client\config\local_settings.json", "JSON", 0, 0, 0, 4, 0, 0, 0, 0, 0, 0, 0, 0, 0, 0, 0, 4
"d:\TraeProjects\PI Manager\worktrees\frontend-repo\client\config\local_settings_manager.py", "Python", 0, 0, 0, 0, 0, 0, 0, 0, 0, 148, 0, 0, 0, 19, 48, 215
"d:\TraeProjects\PI Manager\worktrees\frontend-repo\client\config\product_categories.py", "Python", 0, 0, 0, 0, 0, 0, 0, 0, 0, 28, 0, 0, 0, 2, 6, 36
"d:\TraeProjects\PI Manager\worktrees\frontend-repo\client\constants.py", "Python", 0, 0, 0, 0, 0, 0, 0, 0, 0, 60, 0, 0, 0, 1, 6, 67
"d:\TraeProjects\PI Manager\worktrees\frontend-repo\client\dialogs\__init__.py", "Python", 0, 0, 0, 0, 0, 0, 0, 0, 0, 65, 0, 0, 0, 15, 5, 85
"d:\TraeProjects\PI Manager\worktrees\frontend-repo\client\dialogs\auth.py", "Python", 0, 0, 0, 0, 0, 0, 0, 0, 0, 213, 0, 0, 0, 2, 50, 265
"d:\TraeProjects\PI Manager\worktrees\frontend-repo\client\dialogs\common.py", "Python", 0, 0, 0, 0, 0, 0, 0, 0, 0, 147, 0, 0, 0, 1, 31, 179
"d:\TraeProjects\PI Manager\worktrees\frontend-repo\client\dialogs\customer.py", "Python", 0, 0, 0, 0, 0, 0, 0, 0, 0, 753, 0, 0, 0, 12, 140, 905
"d:\TraeProjects\PI Manager\worktrees\frontend-repo\client\dialogs\inventory.py", "Python", 0, 0, 0, 0, 0, 0, 0, 0, 0, 7, 0, 0, 0, 1, 2, 10
"d:\TraeProjects\PI Manager\worktrees\frontend-repo\client\dialogs\order.py", "Python", 0, 0, 0, 0, 0, 0, 0, 0, 0, 119, 0, 0, 0, 1, 31, 151
"d:\TraeProjects\PI Manager\worktrees\frontend-repo\client\dialogs\payment.py", "Python", 0, 0, 0, 0, 0, 0, 0, 0, 0, 548, 0, 0, 0, 4, 64, 616
"d:\TraeProjects\PI Manager\worktrees\frontend-repo\client\dialogs\pi.py", "Python", 0, 0, 0, 0, 0, 0, 0, 0, 0, 10, 0, 0, 0, 1, 2, 13
"d:\TraeProjects\PI Manager\worktrees\frontend-repo\client\dialogs\product.py", "Python", 0, 0, 0, 0, 0, 0, 0, 0, 0, 76, 0, 0, 0, 1, 37, 114
"d:\TraeProjects\PI Manager\worktrees\frontend-repo\client\dialogs\purchase.py", "Python", 0, 0, 0, 0, 0, 0, 0, 0, 0, 7, 0, 0, 0, 1, 1, 9
"d:\TraeProjects\PI Manager\worktrees\frontend-repo\client\dialogs\quote.py", "Python", 0, 0, 0, 0, 0, 0, 0, 0, 0, 438, 0, 0, 0, 6, 54, 498
"d:\TraeProjects\PI Manager\worktrees\frontend-repo\client\dialogs\shipment.py", "Python", 0, 0, 0, 0, 0, 0, 0, 0, 0, 393, 0, 0, 0, 6, 47, 446
"d:\TraeProjects\PI Manager\worktrees\frontend-repo\client\dialogs\supplier.py", "Python", 0, 0, 0, 0, 0, 0, 0, 0, 0, 451, 0, 0, 0, 16, 79, 546
"d:\TraeProjects\PI Manager\worktrees\frontend-repo\client\main.py", "Python", 0, 0, 0, 0, 0, 0, 0, 0, 0, 8281, 0, 0, 0, 619, 1408, 10308
"d:\TraeProjects\PI Manager\worktrees\frontend-repo\client\product_categories.py", "Python", 0, 0, 0, 0, 0, 0, 0, 0, 0, 83, 0, 0, 0, 13, 25, 121
"d:\TraeProjects\PI Manager\worktrees\frontend-repo\client\requirements.txt", "pip requirements", 0, 0, 0, 0, 0, 0, 0, 0, 0, 0, 0, 0, 6, 2, 1, 9
"d:\TraeProjects\PI Manager\worktrees\frontend-repo\client\services\__init__.py", "Python", 0, 0, 0, 0, 0, 0, 0, 0, 0, 9, 0, 0, 0, 1, 5, 15
"d:\TraeProjects\PI Manager\worktrees\frontend-repo\client\services\order_service.py", "Python", 0, 0, 0, 0, 0, 0, 0, 0, 0, 367, 0, 0, 0, 23, 73, 463
"d:\TraeProjects\PI Manager\worktrees\frontend-repo\client\utils\auto_updater.py", "Python", 0, 0, 0, 0, 0, 0, 0, 0, 0, 185, 0, 0, 0, 11, 41, 237
"d:\TraeProjects\PI Manager\worktrees\frontend-repo\client\utils\duplicate_detector.py", "Python", 0, 0, 0, 0, 0, 0, 0, 0, 0, 98, 0, 0, 0, 1, 19, 118
"d:\TraeProjects\PI Manager\worktrees\frontend-repo\client\utils\machine_id.py", "Python", 0, 0, 0, 0, 0, 0, 0, 0, 0, 59, 0, 0, 0, 2, 18, 79
"d:\TraeProjects\PI Manager\worktrees\frontend-repo\client\version.json", "JSON", 0, 0, 0, 6, 0, 0, 0, 0, 0, 0, 0, 0, 0, 0, 1, 7
"d:\TraeProjects\PI Manager\worktrees\frontend-repo\client\web_container\__init__.py", "Python", 0, 0, 0, 0, 0, 0, 0, 0, 0, 4, 0, 0, 0, 0, 2, 6
"d:\TraeProjects\PI Manager\worktrees\frontend-repo\client\web_container\channel_bridge.py", "Python", 0, 0, 0, 0, 0, 0, 0, 0, 0, 38, 0, 0, 0, 7, 14, 59
"d:\TraeProjects\PI Manager\worktrees\frontend-repo\client\web_container\file_dialogs.py", "Python", 0, 0, 0, 0, 0, 0, 0, 0, 0, 27, 0, 0, 0, 0, 11, 38
"d:\TraeProjects\PI Manager\worktrees\frontend-repo\client\web_container\native_api.py", "Python", 0, 0, 0, 0, 0, 0, 0, 0, 0, 95, 0, 0, 0, 1, 17, 113
"d:\TraeProjects\PI Manager\worktrees\frontend-repo\client\web_container\routes.py", "Python", 0, 0, 0, 0, 0, 0, 0, 0, 0, 14, 0, 0, 0, 0, 2, 16
"d:\TraeProjects\PI Manager\worktrees\frontend-repo\client\web_container\web_view.py", "Python", 0, 0, 0, 0, 0, 0, 0, 0, 0, 93, 0, 0, 0, 6, 18, 117
"d:\TraeProjects\PI Manager\worktrees\frontend-repo\client\widgets\__init__.py", "Python", 0, 0, 0, 0, 0, 0, 0, 0, 0, 70, 0, 0, 0, 5, 5, 80
"d:\TraeProjects\PI Manager\worktrees\frontend-repo\client\widgets\action_bar.py", "Python", 0, 0, 0, 0, 0, 0, 0, 0, 0, 124, 0, 0, 0, 14, 22, 160
"d:\TraeProjects\PI Manager\worktrees\frontend-repo\client\widgets\customer_product_dialog.py", "Python", 0, 0, 0, 0, 0, 0, 0, 0, 0, 819, 0, 0, 0, 33, 172, 1024
"d:\TraeProjects\PI Manager\worktrees\frontend-repo\client\widgets\export_preview_dialog.py", "Python", 0, 0, 0, 0, 0, 0, 0, 0, 0, 202, 0, 0, 0, 14, 54, 270
"d:\TraeProjects\PI Manager\worktrees\frontend-repo\client\widgets\file_upload_dialog.py", "Python", 0, 0, 0, 0, 0, 0, 0, 0, 0, 139, 0, 0, 0, 0, 20, 159
"d:\TraeProjects\PI Manager\worktrees\frontend-repo\client\widgets\memo_dialog.py", "Python", 0, 0, 0, 0, 0, 0, 0, 0, 0, 89, 0, 0, 0, 0, 17, 106
"d:\TraeProjects\PI Manager\worktrees\frontend-repo\client\widgets\order_history_dialog.py", "Python", 0, 0, 0, 0, 0, 0, 0, 0, 0, 116, 0, 0, 0, 16, 40, 172
"d:\TraeProjects\PI Manager\worktrees\frontend-repo\client\widgets\order_import_dialog.py", "Python", 0, 0, 0, 0, 0, 0, 0, 0, 0, 1318, 0, 0, 0, 150, 259, 1727
"d:\TraeProjects\PI Manager\worktrees\frontend-repo\client\widgets\order_summary\__init__.py", "Python", 0, 0, 0, 0, 0, 0, 0, 0, 0, 20, 0, 0, 0, 1, 5, 26
"d:\TraeProjects\PI Manager\worktrees\frontend-repo\client\widgets\order_summary\batch_inbound_dialog.py", "Python", 0, 0, 0, 0, 0, 0, 0, 0, 0, 85, 0, 0, 0, 4, 15, 104
"d:\TraeProjects\PI Manager\worktrees\frontend-repo\client\widgets\order_summary\constants.py", "Python", 0, 0, 0, 0, 0, 0, 0, 0, 0, 153, 0, 0, 0, 19, 14, 186
"d:\TraeProjects\PI Manager\worktrees\frontend-repo\client\widgets\order_summary\customer_payment_dialog.py", "Python", 0, 0, 0, 0, 0, 0, 0, 0, 0, 155, 0, 0, 0, 12, 25, 192
"d:\TraeProjects\PI Manager\worktrees\frontend-repo\client\widgets\order_summary\inbound_dialog.py", "Python", 0, 0, 0, 0, 0, 0, 0, 0, 0, 61, 0, 0, 0, 6, 12, 79
"d:\TraeProjects\PI Manager\worktrees\frontend-repo\client\widgets\order_summary\order_detail_panel.py", "Python", 0, 0, 0, 0, 0, 0, 0, 0, 0, 1316, 0, 0, 0, 202, 232, 1750
"d:\TraeProjects\PI Manager\worktrees\frontend-repo\client\widgets\order_summary\order_list_panel.py", "Python", 0, 0, 0, 0, 0, 0, 0, 0, 0, 690, 0, 0, 0, 65, 136, 891
"d:\TraeProjects\PI Manager\worktrees\frontend-repo\client\widgets\order_summary\order_service.py", "Python", 0, 0, 0, 0, 0, 0, 0, 0, 0, 144, 0, 0, 0, 11, 42, 197
"d:\TraeProjects\PI Manager\worktrees\frontend-repo\client\widgets\order_summary\order_summary_tab.py", "Python", 0, 0, 0, 0, 0, 0, 0, 0, 0, 755, 0, 0, 0, 89, 134, 978
"d:\TraeProjects\PI Manager\worktrees\frontend-repo\client\widgets\order_summary_dialogs.py", "Python", 0, 0, 0, 0, 0, 0, 0, 0, 0, 225, 0, 0, 0, 14, 52, 291
"d:\TraeProjects\PI Manager\worktrees\frontend-repo\client\widgets\order_summary_edit_dialog.py", "Python", 0, 0, 0, 0, 0, 0, 0, 0, 0, 742, 0, 0, 0, 77, 121, 940
"d:\TraeProjects\PI Manager\worktrees\frontend-repo\client\widgets\order_version_detail_dialog.py", "Python", 0, 0, 0, 0, 0, 0, 0, 0, 0, 143, 0, 0, 0, 24, 50, 217
"d:\TraeProjects\PI Manager\worktrees\frontend-repo\client\widgets\payment\__init__.py", "Python", 0, 0, 0, 0, 0, 0, 0, 0, 0, 5, 0, 0, 0, 1, 3, 9
"d:\TraeProjects\PI Manager\worktrees\frontend-repo\client\widgets\payment\water_bill_viewer.py", "Python", 0, 0, 0, 0, 0, 0, 0, 0, 0, 248, 0, 0, 0, 13, 49, 310
"d:\TraeProjects\PI Manager\worktrees\frontend-repo\client\widgets\payment_dialog.py", "Python", 0, 0, 0, 0, 0, 0, 0, 0, 0, 87, 0, 0, 0, 0, 20, 107
"d:\TraeProjects\PI Manager\worktrees\frontend-repo\client\widgets\pi_management\pi_history_tab.py", "Python", 0, 0, 0, 0, 0, 0, 0, 0, 0, 160, 0, 0, 0, 6, 26, 192
"d:\TraeProjects\PI Manager\worktrees\frontend-repo\client\widgets\pi_management\snapshot_dialog.py", "Python", 0, 0, 0, 0, 0, 0, 0, 0, 0, 23, 0, 0, 0, 1, 8, 32
"d:\TraeProjects\PI Manager\worktrees\frontend-repo\client\widgets\product_item_edit_dialog.py", "Python", 0, 0, 0, 0, 0, 0, 0, 0, 0, 382, 0, 0, 0, 20, 42, 444
"d:\TraeProjects\PI Manager\worktrees\frontend-repo\client\widgets\product_oe_dialog.py", "Python", 0, 0, 0, 0, 0, 0, 0, 0, 0, 173, 0, 0, 0, 9, 37, 219
"d:\TraeProjects\PI Manager\worktrees\frontend-repo\client\widgets\product_supplier_dialog.py", "Python", 0, 0, 0, 0, 0, 0, 0, 0, 0, 417, 0, 0, 0, 30, 81, 528
"d:\TraeProjects\PI Manager\worktrees\frontend-repo\client\widgets\purchase_dialog.py", "Python", 0, 0, 0, 0, 0, 0, 0, 0, 0, 1291, 0, 0, 0, 182, 241, 1714
"d:\TraeProjects\PI Manager\worktrees\frontend-repo\client\widgets\purchase_snapshot_dialog.py", "Python", 0, 0, 0, 0, 0, 0, 0, 0, 0, 35, 0, 0, 0, 1, 7, 43
"d:\TraeProjects\PI Manager\worktrees\frontend-repo\client\widgets\reply_export_dialog.py", "Python", 0, 0, 0, 0, 0, 0, 0, 0, 0, 158, 0, 0, 0, 6, 28, 192
"d:\TraeProjects\PI Manager\worktrees\frontend-repo\client\widgets\settings_dialog.py", "Python", 0, 0, 0, 0, 0, 0, 0, 0, 0, 472, 0, 0, 0, 33, 76, 581
"d:\TraeProjects\PI Manager\worktrees\frontend-repo\client\widgets\shipment_create_dialog.py", "Python", 0, 0, 0, 0, 0, 0, 0, 0, 0, 274, 0, 0, 0, 33, 71, 378
"d:\TraeProjects\PI Manager\worktrees\frontend-repo\client\widgets\shipment_detail_panel.py", "Python", 0, 0, 0, 0, 0, 0, 0, 0, 0, 111, 0, 0, 0, 8, 29, 148
"d:\TraeProjects\PI Manager\worktrees\frontend-repo\client\widgets\shipment_export_tab.py", "Python", 0, 0, 0, 0, 0, 0, 0, 0, 0, 122, 0, 0, 0, 9, 25, 156
"d:\TraeProjects\PI Manager\worktrees\frontend-repo\client\widgets\shipment_pending_panel.py", "Python", 0, 0, 0, 0, 0, 0, 0, 0, 0, 99, 0, 0, 0, 8, 20, 127
"d:\TraeProjects\PI Manager\worktrees\frontend-repo\client\widgets\shipment_product_select_dialog.py", "Python", 0, 0, 0, 0, 0, 0, 0, 0, 0, 116, 0, 0, 0, 6, 23, 145
"d:\TraeProjects\PI Manager\worktrees\frontend-repo\client\widgets\shipment_summary_panel.py", "Python", 0, 0, 0, 0, 0, 0, 0, 0, 0, 58, 0, 0, 0, 3, 14, 75
"d:\TraeProjects\PI Manager\worktrees\frontend-repo\client\widgets\shipment_tab.py", "Python", 0, 0, 0, 0, 0, 0, 0, 0, 0, 292, 0, 0, 0, 18, 65, 375
"d:\TraeProjects\PI Manager\worktrees\frontend-repo\client\widgets\single_order_dialog.py", "Python", 0, 0, 0, 0, 0, 0, 0, 0, 0, 311, 0, 0, 0, 12, 61, 384
"d:\TraeProjects\PI Manager\worktrees\frontend-repo\client\widgets\status_indicator.py", "Python", 0, 0, 0, 0, 0, 0, 0, 0, 0, 178, 0, 0, 0, 14, 40, 232
"d:\TraeProjects\PI Manager\worktrees\frontend-repo\client\widgets\supplier_change_dialog.py", "Python", 0, 0, 0, 0, 0, 0, 0, 0, 0, 83, 0, 0, 0, 2, 15, 100
"d:\TraeProjects\PI Manager\worktrees\frontend-repo\data\formal_records\PISFV902607082.json", "JSON", 0, 0, 0, 59, 0, 0, 0, 0, 0, 0, 0, 0, 0, 0, 0, 59
"d:\TraeProjects\PI Manager\worktrees\frontend-repo\data\formal_records\PISMI902607052.json", "JSON", 0, 0, 0, 49, 0, 0, 0, 0, 0, 0, 0, 0, 0, 0, 0, 49
"d:\TraeProjects\PI Manager\worktrees\frontend-repo\docs\spec.md", "Markdown", 0, 0, 0, 0, 0, 0, 0, 371, 0, 0, 0, 0, 0, 0, 111, 482
"d:\TraeProjects\PI Manager\worktrees\frontend-repo\docs\superpowers\plans\2026-07-02-order-product-edit-plan.md", "Markdown", 0, 0, 0, 0, 0, 0, 0, 1086, 0, 0, 0, 0, 0, 0, 260, 1346
"d:\TraeProjects\PI Manager\worktrees\frontend-repo\docs\superpowers\plans\2026-07-02-remove-temporary-product.md", "Markdown", 0, 0, 0, 0, 0, 0, 0, 537, 0, 0, 0, 0, 0, 0, 237, 774
"d:\TraeProjects\PI Manager\worktrees\frontend-repo\docs\superpowers\plans\2026-07-03-customer-product-number-plan.md", "Markdown", 0, 0, 0, 0, 0, 0, 0, 507, 0, 0, 0, 0, 0, 0, 189, 696
"d:\TraeProjects\PI Manager\worktrees\frontend-repo\docs\superpowers\plans\2026-07-03-duplicate-product-detection-plan.md", "Markdown", 0, 0, 0, 0, 0, 0, 0, 534, 0, 0, 0, 0, 0, 0, 173, 707
"d:\TraeProjects\PI Manager\worktrees\frontend-repo\docs\superpowers\plans\2026-07-03-single-order-dialog-plan.md", "Markdown", 0, 0, 0, 0, 0, 0, 0, 259, 0, 0, 0, 0, 0, 0, 92, 351
"d:\TraeProjects\PI Manager\worktrees\frontend-repo\docs\superpowers\plans\2026-07-05-order-summary-web-migration-plan.md", "Markdown", 0, 0, 0, 0, 0, 0, 0, 410, 0, 0, 0, 0, 0, 0, 113, 523
"d:\TraeProjects\PI Manager\worktrees\frontend-repo\docs\superpowers\plans\2026-07-06-order-item-edit-dialog.md", "Markdown", 0, 0, 0, 0, 0, 0, 0, 477, 0, 0, 0, 0, 0, 0, 129, 606
"d:\TraeProjects\PI Manager\worktrees\frontend-repo\docs\superpowers\plans\2026-07-08-negotiation-history-implementation.md", "Markdown", 0, 0, 0, 0, 0, 0, 0, 509, 0, 0, 0, 0, 0, 0, 160, 669
"d:\TraeProjects\PI Manager\worktrees\frontend-repo\docs\superpowers\plans\2026-07-09-payment-management-plan.md", "Markdown", 0, 0, 0, 0, 0, 0, 0, 806, 0, 0, 0, 0, 0, 0, 123, 929
"d:\TraeProjects\PI Manager\worktrees\frontend-repo\docs\superpowers\plans\2026-07-10-unified-web-tabs-plan.md", "Markdown", 0, 0, 0, 0, 0, 0, 0, 398, 0, 0, 0, 0, 0, 0, 159, 557
"d:\TraeProjects\PI Manager\worktrees\frontend-repo\docs\superpowers\plans\2026-07-11-purchases-management-plan.md", "Markdown", 0, 0, 0, 0, 0, 0, 0, 315, 0, 0, 0, 0, 0, 0, 65, 380
"d:\TraeProjects\PI Manager\worktrees\frontend-repo\docs\superpowers\plans\2026-07-17-product-search.md", "Markdown", 0, 0, 0, 0, 0, 0, 0, 1905, 0, 0, 0, 0, 0, 0, 492, 2397
"d:\TraeProjects\PI Manager\worktrees\frontend-repo\docs\superpowers\plans\2026-07-22-product-supplier-url-impl.md", "Markdown", 0, 0, 0, 0, 0, 0, 0, 1380, 0, 0, 0, 0, 0, 0, 234, 1614
"d:\TraeProjects\PI Manager\worktrees\frontend-repo\docs\superpowers\plans\2026-07-22-qt-qwebchannel-offline-deployment-impl.md", "Markdown", 0, 0, 0, 0, 0, 0, 0, 217, 0, 0, 0, 0, 0, 0, 58, 275
"d:\TraeProjects\PI Manager\worktrees\frontend-repo\docs\superpowers\specs\2026-07-02-order-product-edit-design.md", "Markdown", 0, 0, 0, 0, 0, 0, 0, 175, 0, 0, 0, 0, 0, 0, 64, 239
"d:\TraeProjects\PI Manager\worktrees\frontend-repo\docs\superpowers\specs\2026-07-02-remove-temporary-product-design.md", "Markdown", 0, 0, 0, 0, 0, 0, 0, 171, 0, 0, 0, 0, 0, 0, 44, 215
"d:\TraeProjects\PI Manager\worktrees\frontend-repo\docs\superpowers\specs\2026-07-03-customer-product-number-design.md", "Markdown", 0, 0, 0, 0, 0, 0, 0, 97, 0, 0, 0, 0, 0, 0, 40, 137
"d:\TraeProjects\PI Manager\worktrees\frontend-repo\docs\superpowers\specs\2026-07-03-duplicate-product-detection-design.md", "Markdown", 0, 0, 0, 0, 0, 0, 0, 109, 0, 0, 0, 0, 0, 0, 44, 153
"d:\TraeProjects\PI Manager\worktrees\frontend-repo\docs\superpowers\specs\2026-07-03-single-order-dialog-design.md", "Markdown", 0, 0, 0, 0, 0, 0, 0, 60, 0, 0, 0, 0, 0, 0, 31, 91
"d:\TraeProjects\PI Manager\worktrees\frontend-repo\docs\superpowers\specs\2026-07-06-order-item-edit-dialog-design.md", "Markdown", 0, 0, 0, 0, 0, 0, 0, 156, 0, 0, 0, 0, 0, 0, 46, 202
"d:\TraeProjects\PI Manager\worktrees\frontend-repo\docs\superpowers\specs\2026-07-08-negotiation-history-design.md", "Markdown", 0, 0, 0, 0, 0, 0, 0, 145, 0, 0, 0, 0, 0, 0, 63, 208
"d:\TraeProjects\PI Manager\worktrees\frontend-repo\docs\superpowers\specs\2026-07-09-payment-management-design.md", "Markdown", 0, 0, 0, 0, 0, 0, 0, 133, 0, 0, 0, 0, 0, 0, 30, 163
"d:\TraeProjects\PI Manager\worktrees\frontend-repo\docs\superpowers\specs\2026-07-10-shipment-management-design.md", "Markdown", 0, 0, 0, 0, 0, 0, 0, 76, 0, 0, 0, 0, 0, 0, 24, 100
"d:\TraeProjects\PI Manager\worktrees\frontend-repo\docs\superpowers\specs\2026-07-10-unified-web-tabs-design.md", "Markdown", 0, 0, 0, 0, 0, 0, 0, 114, 0, 0, 0, 0, 0, 0, 38, 152
"d:\TraeProjects\PI Manager\worktrees\frontend-repo\docs\superpowers\specs\2026-07-11-purchases-management-design.md", "Markdown", 0, 0, 0, 0, 0, 0, 0, 46, 0, 0, 0, 0, 0, 0, 23, 69
"d:\TraeProjects\PI Manager\worktrees\frontend-repo\docs\superpowers\specs\2026-07-16-product-search-design.md", "Markdown", 0, 0, 0, 0, 0, 0, 0, 1011, 0, 0, 0, 0, 0, 0, 154, 1165
"d:\TraeProjects\PI Manager\worktrees\frontend-repo\docs\superpowers\specs\2026-07-22-product-supplier-url-design.md", "Markdown", 0, 0, 0, 0, 0, 0, 0, 531, 0, 0, 0, 0, 0, 0, 108, 639
"d:\TraeProjects\PI Manager\worktrees\frontend-repo\docs\superpowers\specs\2026-07-22-qt-qwebchannel-offline-deployment-design.md", "Markdown", 0, 0, 0, 0, 0, 0, 0, 319, 0, 0, 0, 0, 0, 0, 86, 405
"d:\TraeProjects\PI Manager\worktrees\frontend-repo\docs\vue-config-guide.md", "Markdown", 0, 0, 0, 0, 0, 0, 0, 89, 0, 0, 0, 0, 0, 0, 29, 118
"d:\TraeProjects\PI Manager\worktrees\frontend-repo\frontend\docs\superpowers\plans\2026-07-17-supplier-platform-implementation.md", "Markdown", 0, 0, 0, 0, 0, 0, 0, 444, 0, 0, 0, 0, 0, 0, 121, 565
"d:\TraeProjects\PI Manager\worktrees\frontend-repo\frontend\docs\superpowers\plans\2026-07-20-supplier-platform-impl.md", "Markdown", 0, 0, 0, 0, 0, 0, 0, 885, 0, 0, 0, 0, 0, 0, 197, 1082
"d:\TraeProjects\PI Manager\worktrees\frontend-repo\frontend\docs\superpowers\specs\2026-07-17-supplier-platform-design.md", "Markdown", 0, 0, 0, 0, 0, 0, 0, 925, 0, 0, 0, 0, 0, 0, 176, 1101
"d:\TraeProjects\PI Manager\worktrees\frontend-repo\frontend\index.html", "HTML", 0, 0, 0, 0, 0, 19, 0, 0, 0, 0, 0, 0, 0, 0, 1, 20
"d:\TraeProjects\PI Manager\worktrees\frontend-repo\frontend\package-lock.json", "JSON", 0, 0, 0, 6209, 0, 0, 0, 0, 0, 0, 0, 0, 0, 0, 1, 6210
"d:\TraeProjects\PI Manager\worktrees\frontend-repo\frontend\package.json", "JSON", 0, 0, 0, 35, 0, 0, 0, 0, 0, 0, 0, 0, 0, 0, 1, 36
"d:\TraeProjects\PI Manager\worktrees\frontend-repo\frontend\public\brainstorm\order-detail-edit-layout-ac.html", "HTML", 0, 0, 0, 0, 0, 252, 0, 0, 0, 0, 0, 0, 0, 0, 13, 265
"d:\TraeProjects\PI Manager\worktrees\frontend-repo\frontend\public\brainstorm\order-detail-edit-layout.html", "HTML", 0, 0, 0, 0, 0, 258, 0, 0, 0, 0, 0, 0, 0, 0, 16, 274
"d:\TraeProjects\PI Manager\worktrees\frontend-repo\frontend\public\qwebchannel.js", "JavaScript", 0, 0, 0, 0, 362, 0, 0, 0, 0, 0, 0, 0, 0, 36, 59, 457
"d:\TraeProjects\PI Manager\worktrees\frontend-repo\frontend\src\api\__tests__\customerProduct.test.ts", "TypeScript", 47, 0, 0, 0, 0, 0, 0, 0, 0, 0, 0, 0, 0, 0, 12, 59
"d:\TraeProjects\PI Manager\worktrees\frontend-repo\frontend\src\api\__tests__\purchase.spec.ts", "TypeScript", 30, 0, 0, 0, 0, 0, 0, 0, 0, 0, 0, 0, 0, 0, 5, 35
"d:\TraeProjects\PI Manager\worktrees\frontend-repo\frontend\src\api\base.ts", "TypeScript", 68, 0, 0, 0, 0, 0, 0, 0, 0, 0, 0, 0, 0, 11, 7, 86
"d:\TraeProjects\PI Manager\worktrees\frontend-repo\frontend\src\api\categories.ts", "TypeScript", 28, 0, 0, 0, 0, 0, 0, 0, 0, 0, 0, 0, 0, 0, 3, 31
"d:\TraeProjects\PI Manager\worktrees\frontend-repo\frontend\src\api\client.ts", "TypeScript", 204, 0, 0, 0, 0, 0, 0, 0, 0, 0, 0, 0, 0, 28, 27, 259
"d:\TraeProjects\PI Manager\worktrees\frontend-repo\frontend\src\api\customerProduct.ts", "TypeScript", 94, 0, 0, 0, 0, 0, 0, 0, 0, 0, 0, 0, 0, 0, 8, 102
"d:\TraeProjects\PI Manager\worktrees\frontend-repo\frontend\src\api\customers.ts", "TypeScript", 47, 0, 0, 0, 0, 0, 0, 0, 0, 0, 0, 0, 0, 0, 4, 51
"d:\TraeProjects\PI Manager\worktrees\frontend-repo\frontend\src\api\endpoints.ts", "TypeScript", 142, 0, 0, 0, 0, 0, 0, 0, 0, 0, 0, 0, 0, 21, 19, 182
"d:\TraeProjects\PI Manager\worktrees\frontend-repo\frontend\src\api\inventory.ts", "TypeScript", 75, 0, 0, 0, 0, 0, 0, 0, 0, 0, 0, 0, 0, 0, 14, 89
"d:\TraeProjects\PI Manager\worktrees\frontend-repo\frontend\src\api\nativeBridge.ts", "TypeScript", 231, 0, 0, 0, 0, 0, 0, 0, 0, 0, 0, 0, 0, 11, 39, 281
"d:\TraeProjects\PI Manager\worktrees\frontend-repo\frontend\src\api\orderSummary.ts", "TypeScript", 67, 0, 0, 0, 0, 0, 0, 0, 0, 0, 0, 0, 0, 0, 15, 82
"d:\TraeProjects\PI Manager\worktrees\frontend-repo\frontend\src\api\orders.ts", "TypeScript", 34, 0, 0, 0, 0, 0, 0, 0, 0, 0, 0, 0, 0, 0, 9, 43
"d:\TraeProjects\PI Manager\worktrees\frontend-repo\frontend\src\api\productSupplierUrls.ts", "TypeScript", 46, 0, 0, 0, 0, 0, 0, 0, 0, 0, 0, 0, 0, 0, 9, 55
"d:\TraeProjects\PI Manager\worktrees\frontend-repo\frontend\src\api\products.ts", "TypeScript", 95, 0, 0, 0, 0, 0, 0, 0, 0, 0, 0, 0, 0, 0, 9, 104
"d:\TraeProjects\PI Manager\worktrees\frontend-repo\frontend\src\api\purchase.ts", "TypeScript", 183, 0, 0, 0, 0, 0, 0, 0, 0, 0, 0, 0, 0, 5, 23, 211
"d:\TraeProjects\PI Manager\worktrees\frontend-repo\frontend\src\api\shipments.ts", "TypeScript", 30, 0, 0, 0, 0, 0, 0, 0, 0, 0, 0, 0, 0, 0, 6, 36
"d:\TraeProjects\PI Manager\worktrees\frontend-repo\frontend\src\api\suppliers.ts", "TypeScript", 92, 0, 0, 0, 0, 0, 0, 0, 0, 0, 0, 0, 0, 2, 7, 101
"d:\TraeProjects\PI Manager\worktrees\frontend-repo\frontend\src\components\common\__tests__\ProductSearchSelect.test.ts", "TypeScript", 86, 0, 0, 0, 0, 0, 0, 0, 0, 0, 0, 0, 0, 2, 9, 97
"d:\TraeProjects\PI Manager\worktrees\frontend-repo\frontend\src\components\order\__tests__\ColumnFilterPanel.spec.ts", "TypeScript", 58, 0, 0, 0, 0, 0, 0, 0, 0, 0, 0, 0, 0, 0, 9, 67
"d:\TraeProjects\PI Manager\worktrees\frontend-repo\frontend\src\composables\__tests__\useProductEdit.spec.ts", "TypeScript", 77, 0, 0, 0, 0, 0, 0, 0, 0, 0, 0, 0, 0, 0, 11, 88
"d:\TraeProjects\PI Manager\worktrees\frontend-repo\frontend\src\composables\useProductEdit.ts", "TypeScript", 94, 0, 0, 0, 0, 0, 0, 0, 0, 0, 0, 0, 0, 2, 12, 108
"d:\TraeProjects\PI Manager\worktrees\frontend-repo\frontend\src\constants\orderStatus.ts", "TypeScript", 27, 0, 0, 0, 0, 0, 0, 0, 0, 0, 0, 0, 0, 0, 6, 33
"d:\TraeProjects\PI Manager\worktrees\frontend-repo\frontend\src\constants\productCategories.ts", "TypeScript", 26, 0, 0, 0, 0, 0, 0, 0, 0, 0, 0, 0, 0, 0, 4, 30
"d:\TraeProjects\PI Manager\worktrees\frontend-repo\frontend\src\main.ts", "TypeScript", 19, 0, 0, 0, 0, 0, 0, 0, 0, 0, 0, 0, 0, 3, 4, 26
"d:\TraeProjects\PI Manager\worktrees\frontend-repo\frontend\src\router\__tests__\businessRoutes.spec.ts", "TypeScript", 28, 0, 0, 0, 0, 0, 0, 0, 0, 0, 0, 0, 0, 0, 6, 34
"d:\TraeProjects\PI Manager\worktrees\frontend-repo\frontend\src\router\businessRoutes.ts", "TypeScript", 24, 0, 0, 0, 0, 0, 0, 0, 0, 0, 0, 0, 0, 0, 4, 28
"d:\TraeProjects\PI Manager\worktrees\frontend-repo\frontend\src\router\index.ts", "TypeScript", 39, 0, 0, 0, 0, 0, 0, 0, 0, 0, 0, 0, 0, 0, 6, 45
"d:\TraeProjects\PI Manager\worktrees\frontend-repo\frontend\src\stores\appStore.ts", "TypeScript", 18, 0, 0, 0, 0, 0, 0, 0, 0, 0, 0, 0, 0, 0, 4, 22
"d:\TraeProjects\PI Manager\worktrees\frontend-repo\frontend\src\stores\orderStore.ts", "TypeScript", 45, 0, 0, 0, 0, 0, 0, 0, 0, 0, 0, 0, 0, 0, 7, 52
"d:\TraeProjects\PI Manager\worktrees\frontend-repo\frontend\src\stores\orderSummaryStore.ts", "TypeScript", 135, 0, 0, 0, 0, 0, 0, 0, 0, 0, 0, 0, 0, 0, 13, 148
"d:\TraeProjects\PI Manager\worktrees\frontend-repo\frontend\src\stores\shipmentStore.ts", "TypeScript", 81, 0, 0, 0, 0, 0, 0, 0, 0, 0, 0, 0, 0, 4, 10, 95
"d:\TraeProjects\PI Manager\worktrees\frontend-repo\frontend\src\styles\dialog-overlay.css", "CSS", 0, 0, 0, 0, 0, 0, 0, 0, 8, 0, 0, 0, 0, 0, 2, 10
"d:\TraeProjects\PI Manager\worktrees\frontend-repo\frontend\src\styles\hide-number-spinner.css", "CSS", 0, 0, 0, 0, 0, 0, 0, 0, 33, 0, 0, 0, 0, 0, 6, 39
"d:\TraeProjects\PI Manager\worktrees\frontend-repo\frontend\src\types\api.d.ts", "TypeScript", 48, 0, 0, 0, 0, 0, 0, 0, 0, 0, 0, 0, 0, 1, 8, 57
"d:\TraeProjects\PI Manager\worktrees\frontend-repo\frontend\src\types\inventory.d.ts", "TypeScript", 40, 0, 0, 0, 0, 0, 0, 0, 0, 0, 0, 0, 0, 0, 3, 43
"d:\TraeProjects\PI Manager\worktrees\frontend-repo\frontend\src\types\native.d.ts", "TypeScript", 36, 0, 0, 0, 0, 0, 0, 0, 0, 0, 0, 0, 0, 8, 5, 49
"d:\TraeProjects\PI Manager\worktrees\frontend-repo\frontend\src\types\orderSummary.d.ts", "TypeScript", 138, 0, 0, 0, 0, 0, 0, 0, 0, 0, 0, 0, 0, 8, 18, 164
"d:\TraeProjects\PI Manager\worktrees\frontend-repo\frontend\src\types\payment.ts", "TypeScript", 30, 0, 0, 0, 0, 0, 0, 0, 0, 0, 0, 0, 0, 4, 3, 37
"d:\TraeProjects\PI Manager\worktrees\frontend-repo\frontend\src\types\shipment.d.ts", "TypeScript", 139, 0, 0, 0, 0, 0, 0, 0, 0, 0, 0, 0, 0, 0, 14, 153
"d:\TraeProjects\PI Manager\worktrees\frontend-repo\frontend\src\types\shipment\index.ts", "TypeScript", 1, 0, 0, 0, 0, 0, 0, 0, 0, 0, 0, 0, 0, 1, 1, 3
"d:\TraeProjects\PI Manager\worktrees\frontend-repo\frontend\src\types\shipment\shipment.ts", "TypeScript", 139, 0, 0, 0, 0, 0, 0, 0, 0, 0, 0, 0, 0, 0, 14, 153
"d:\TraeProjects\PI Manager\worktrees\frontend-repo\frontend\src\utils\__tests__\columnVisibility.spec.ts", "TypeScript", 78, 0, 0, 0, 0, 0, 0, 0, 0, 0, 0, 0, 0, 0, 11, 89
"d:\TraeProjects\PI Manager\worktrees\frontend-repo\frontend\src\utils\__tests__\contextMenuBubble.spec.ts", "TypeScript", 48, 0, 0, 0, 0, 0, 0, 0, 0, 0, 0, 0, 0, 5, 13, 66
"d:\TraeProjects\PI Manager\worktrees\frontend-repo\frontend\src\utils\__tests__\contextMenuDocument.spec.ts", "TypeScript", 22, 0, 0, 0, 0, 0, 0, 0, 0, 0, 0, 0, 0, 0, 6, 28
"d:\TraeProjects\PI Manager\worktrees\frontend-repo\frontend\src\utils\__tests__\contextMenuGuard.spec.ts", "TypeScript", 50, 0, 0, 0, 0, 0, 0, 0, 0, 0, 0, 0, 0, 2, 13, 65
"d:\TraeProjects\PI Manager\worktrees\frontend-repo\frontend\src\utils\__tests__\formalRecord.spec.ts", "TypeScript", 42, 0, 0, 0, 0, 0, 0, 0, 0, 0, 0, 0, 0, 0, 7, 49
"d:\TraeProjects\PI Manager\worktrees\frontend-repo\frontend\src\utils\__tests__\orderImportMapping.spec.ts", "TypeScript", 57, 0, 0, 0, 0, 0, 0, 0, 0, 0, 0, 0, 0, 0, 7, 64
"d:\TraeProjects\PI Manager\worktrees\frontend-repo\frontend\src\utils\__tests__\productEditUnsavedClose.spec.ts", "TypeScript", 30, 0, 0, 0, 0, 0, 0, 0, 0, 0, 0, 0, 0, 0, 9, 39
"d:\TraeProjects\PI Manager\worktrees\frontend-repo\frontend\src\utils\__tests__\purchaseSync.spec.ts", "TypeScript", 72, 0, 0, 0, 0, 0, 0, 0, 0, 0, 0, 0, 0, 0, 7, 79
"d:\TraeProjects\PI Manager\worktrees\frontend-repo\frontend\src\utils\__tests__\supplierSearch.spec.ts", "TypeScript", 16, 0, 0, 0, 0, 0, 0, 0, 0, 0, 0, 0, 0, 0, 5, 21
"d:\TraeProjects\PI Manager\worktrees\frontend-repo\frontend\src\utils\columnVisibility.ts", "TypeScript", 97, 0, 0, 0, 0, 0, 0, 0, 0, 0, 0, 0, 0, 0, 13, 110
"d:\TraeProjects\PI Manager\worktrees\frontend-repo\frontend\src\utils\duplicateDetector.ts", "TypeScript", 111, 0, 0, 0, 0, 0, 0, 0, 0, 0, 0, 0, 0, 4, 14, 129
"d:\TraeProjects\PI Manager\worktrees\frontend-repo\frontend\src\utils\enforceHttps.ts", "TypeScript", 31, 0, 0, 0, 0, 0, 0, 0, 0, 0, 0, 0, 0, 0, 4, 35
"d:\TraeProjects\PI Manager\worktrees\frontend-repo\frontend\src\utils\formalRecord.ts", "TypeScript", 92, 0, 0, 0, 0, 0, 0, 0, 0, 0, 0, 0, 0, 0, 13, 105
"d:\TraeProjects\PI Manager\worktrees\frontend-repo\frontend\src\utils\modeDetector.ts", "TypeScript", 37, 0, 0, 0, 0, 0, 0, 0, 0, 0, 0, 0, 0, 4, 8, 49
"d:\TraeProjects\PI Manager\worktrees\frontend-repo\frontend\src\utils\orderImportMapping.ts", "TypeScript", 114, 0, 0, 0, 0, 0, 0, 0, 0, 0, 0, 0, 0, 0, 15, 129
"d:\TraeProjects\PI Manager\worktrees\frontend-repo\frontend\src\utils\purchaseSync.ts", "TypeScript", 60, 0, 0, 0, 0, 0, 0, 0, 0, 0, 0, 0, 0, 0, 7, 67
"d:\TraeProjects\PI Manager\worktrees\frontend-repo\frontend\src\vite-env.d.ts", "TypeScript", 11, 0, 0, 0, 0, 0, 0, 0, 0, 0, 0, 0, 0, 1, 4, 16
"d:\TraeProjects\PI Manager\worktrees\frontend-repo\frontend\tsconfig.json", "JSON with Comments", 0, 0, 24, 0, 0, 0, 0, 0, 0, 0, 0, 0, 0, 0, 1, 25
"d:\TraeProjects\PI Manager\worktrees\frontend-repo\frontend\tsconfig.node.json", "JSON", 0, 0, 0, 11, 0, 0, 0, 0, 0, 0, 0, 0, 0, 0, 1, 12
"d:\TraeProjects\PI Manager\worktrees\frontend-repo\frontend\vite.config.ts", "TypeScript", 38, 0, 0, 0, 0, 0, 0, 0, 0, 0, 0, 0, 0, 6, 3, 47
"d:\TraeProjects\PI Manager\worktrees\frontend-repo\frontend\vitest.config.ts", "TypeScript", 16, 0, 0, 0, 0, 0, 0, 0, 0, 0, 0, 0, 0, 0, 2, 18
"Total", "-", 3863, 170, 24, 6379, 362, 39156, 2, 15197, 41, 48217, 460, 3, 17, 3468, 20017, 137376